{"_step":275,"test/loss":0.285459092259407,"routing_sigmoid_weights_test/expert_1":0,"routing_sigmoid_weights_train/expert_0":0.993048906326294,"test/f1":0.8934669951575906,"train/f1":0.8939710066386668,"_timestamp":1.7745215993695447e+09,"train/loss_total":0.29928331782943324,"routing_sigmoid_weights_train/expert_1":3.0074570128500786e-25,"routing_sigmoid_weights_test/expert_0":1,"train/acc":0.9054945054945055,"_wandb":{"runtime":1396},"epoch":45,"test/acc":0.9035087719298246,"_runtime":1396}