{"test/acc":0.9298245614035088,"_runtime":17733,"train/loss_total":0.02643441825516914,"train/acc":0.9978021978021978,"routing_sigmoid_weights_test/expert_0":2.1974042851979902e-07,"routing_sigmoid_weights_train/expert_0":2.2174307900968415e-07,"_timestamp":1.7745517536758735e+09,"test/f1":0.9238222519211494,"train/f1":0.9976494170037558,"routing_sigmoid_weights_train/expert_1":0.99170982837677,"_wandb":{"runtime":17733},"_step":1799,"test/loss":0.207827345142141,"epoch":299,"routing_sigmoid_weights_test/expert_1":0.9917253255844116}