{"routing_sigmoid_weights_test/expert_1":0.9873191714286804,"routing_sigmoid_weights_train/expert_1":0.9872930645942688,"routing_sigmoid_weights_test/expert_0":3.3581557090656133e-07,"train/acc":0.8197802197802198,"routing_sigmoid_weights_train/expert_0":3.403793300549296e-07,"_timestamp":1.774706709314527e+09,"test/loss":2.7342339724302294,"train/f1":0.7840856481481482,"test/f1":0.7654320987654321,"_runtime":13827,"test/acc":0.8070175438596491,"_step":1799,"_wandb":{"runtime":13827},"epoch":299,"train/loss_total":2.7422883128257176}