{"train/f1":0.9976494170037558,"routing_sigmoid_weights_train/expert_1":0.99170982837677,"_step":1799,"_runtime":17749,"test/acc":0.9298245614035088,"routing_sigmoid_weights_test/expert_1":0.9917253255844116,"routing_sigmoid_weights_test/expert_0":2.1974042851979902e-07,"train/acc":0.9978021978021978,"routing_sigmoid_weights_train/expert_0":2.2174307900968415e-07,"train/loss_total":0.02643441825516914,"test/f1":0.9238222519211494,"epoch":299,"_timestamp":1.7749610451594653e+09,"_wandb":{"runtime":17749},"test/loss":0.207827345142141}