{"_runtime":12833,"_step":1799,"routing_sigmoid_weights_train/expert_0":3.690551295676414e-07,"test/loss":0.28031382858753207,"routing_sigmoid_weights_train/expert_1":0.9945973753929138,"test/f1":0.8755353993449231,"epoch":299,"train/loss_total":0.12712222259295614,"test/acc":0.8859649122807017,"_timestamp":1.7750051135579176e+09,"_wandb":{"runtime":12833},"routing_sigmoid_weights_test/expert_1":0.9945391416549683,"routing_sigmoid_weights_test/expert_0":3.7076492276355566e-07,"train/f1":0.9336098720140076,"train/acc":0.9384615384615385}