{"test/acc":0.9210526315789473,"routing_sigmoid_weights_test/expert_0":1.0721182661654893e-06,"_runtime":17347,"epoch":299,"train/f1":0.9834236316038742,"routing_sigmoid_weights_test/expert_1":0.9753835201263428,"_step":1799,"test/loss":0.2112030664458871,"_wandb":{"runtime":17347},"train/acc":0.9846153846153847,"test/f1":0.9155902920608803,"train/loss_total":0.042112224900751914,"routing_sigmoid_weights_train/expert_0":0.05494607612490654,"routing_sigmoid_weights_train/expert_1":0.9766332507133484,"_timestamp":1.7746310052407923e+09}