{"routing_sigmoid_weights_train/expert_0":0.05494634062051773,"train/acc":0.9934065934065934,"epoch":299,"test/loss":0.19147032396867872,"train/loss_total":0.04273961171948988,"_step":1799,"routing_sigmoid_weights_test/expert_0":1.34898584747134e-06,"train/f1":0.992931160377212,"routing_sigmoid_weights_test/expert_1":0.9994134306907654,"_runtime":17368,"_timestamp":1.7746928696436715e+09,"test/acc":0.9210526315789473,"_wandb":{"runtime":17368},"routing_sigmoid_weights_train/expert_1":0.9444999694824219,"test/f1":0.9147486497714998}