{"test/acc":0.9385964912280702,"_step":1043,"test/f1":0.9329805996472662,"_runtime":10093,"train/loss_total":0.08550568655329316,"routing_sigmoid_weights_test/expert_0":5.413028603129533e-08,"_wandb":{"runtime":10093},"train/acc":0.9692307692307692,"routing_sigmoid_weights_test/expert_1":0.9970552325248718,"routing_sigmoid_weights_train/expert_1":0.9957071542739868,"test/loss":0.16312295254319906,"train/f1":0.9669715447154472,"routing_sigmoid_weights_train/expert_0":1.5858473716434673e-06,"_timestamp":1.7750329691198921e+09,"epoch":173}