{"routing_sigmoid_weights_test/expert_1":0.011808610521256924,"test/acc":0.8245614035087719,"train/f1":0.8805046642575006,"routing_sigmoid_weights_train/expert_1":0.007314630318433046,"epoch":299,"routing_sigmoid_weights_test/expert_0":0.5763033032417297,"test/f1":0.8164251207729469,"test/loss":0.3297878712415695,"_runtime":12828,"train/acc":0.8901098901098901,"routing_sigmoid_weights_train/expert_0":0.5987098813056946,"_timestamp":1.774719549759977e+09,"_wandb":{"runtime":12828},"train/loss_total":0.21850943192839622,"_step":1799}