{"_timestamp":1.774519400366563e+09,"routing_sigmoid_weights_test/expert_0":1,"train/acc":0.621978021978022,"test/f1":0.41244500314267757,"routing_sigmoid_weights_test/expert_1":0.9897193312644958,"routing_sigmoid_weights_train/expert_0":1,"test/loss":0.6726188063621521,"_runtime":102,"_step":19,"routing_sigmoid_weights_test/expert_2":0.9912157654762268,"routing_sigmoid_weights_train/expert_1":0.9941204190254211,"routing_sigmoid_weights_train/expert_3":0.5666679739952087,"test/acc":0.6403508771929824,"epoch":1,"train/loss_total":0.6802094861080772,"routing_sigmoid_weights_test/expert_3":0.609204113483429,"_wandb":{"runtime":102},"routing_sigmoid_weights_train/expert_2":0.9987367987632751,"train/f1":0.38889930034982506}