{"routing_sigmoid_weights_train/expert_0":1,"epoch":2,"_step":17,"routing_sigmoid_weights_test/expert_0":1,"train/acc":0.90058,"routing_sigmoid_weights_test/expert_1":3.1396872657296626e-08,"test/loss":0.30807919800281525,"test/acc":0.8954,"_timestamp":1.774518822012738e+09,"train/loss_total":0.289963390145983,"routing_sigmoid_weights_train/expert_1":4.872824987955937e-08,"_wandb":{"runtime":1208},"_runtime":1208}