{"_step":1799,"routing_sigmoid_weights_train/expert_1":0.5022116899490356,"_timestamp":1.774583017173689e+09,"routing_sigmoid_weights_test/expert_0":3.5728671718970872e-06,"_wandb":{"runtime":13857},"routing_sigmoid_weights_test/expert_1":0.5031846761703491,"train/acc":0.9516483516483516,"routing_sigmoid_weights_train/expert_0":3.607980715969461e-06,"test/acc":0.8947368421052632,"_runtime":13857,"test/f1":0.8869047619047619,"train/loss_total":0.13784510524649368,"epoch":299,"test/loss":0.2438400238752365,"train/f1":0.9483488132094944}