{"train/f1":0.4110620483576305,"test/f1":0.408596837944664,"routing_sigmoid_weights_train/expert_1":0.5,"test/loss":0.6676360368728638,"_runtime":166,"test/acc":0.631578947368421,"_timestamp":1.7745217856766365e+09,"_step":29,"epoch":4,"routing_sigmoid_weights_test/expert_1":0.5,"_wandb":{"runtime":166},"routing_sigmoid_weights_test/expert_0":0.7310584783554077,"train/acc":0.6153846153846154,"train/loss_total":0.6841308945103696,"routing_sigmoid_weights_train/expert_0":0.7310584187507629}