{"_wandb":{"runtime":2446},"_step":314,"test/acc":0.8070175438596491,"_runtime":2446,"routing_sigmoid_weights_train/expert_1":0.48884984850883484,"routing_sigmoid_weights_test/expert_0":0.4325343370437622,"_timestamp":1.7745317640741742e+09,"test/f1":0.7610518292682926,"routing_sigmoid_weights_train/expert_0":0.4311477839946747,"test/loss":0.4420836567878723,"train/acc":0.8,"epoch":52,"train/loss_total":0.46415276747000844,"train/f1":0.7628919112383679,"routing_sigmoid_weights_test/expert_1":0.48949578404426575}