{"_wandb":{"runtime":17985},"_timestamp":1.7748771165660782e+09,"test/f1":0.9329805996472662,"routing_sigmoid_weights_test/expert_1":0.9995666146278381,"routing_sigmoid_weights_train/expert_1":0.9995641112327576,"train/loss_total":0.029559842984829294,"train/acc":0.9934065934065934,"test/acc":0.9385964912280702,"train/f1":0.992931160377212,"test/loss":0.2014432274736464,"routing_sigmoid_weights_test/expert_0":6.750177639069932e-10,"epoch":299,"_step":1799,"_runtime":17985,"routing_sigmoid_weights_train/expert_0":6.88547330263134e-10}