{"train/acc":0.9978021978021978,"routing_sigmoid_weights_test/expert_1":0.9933044910430908,"_step":1799,"test/loss":0.21016328199766576,"_timestamp":1.7750228830942838e+09,"routing_sigmoid_weights_train/expert_1":0.9932920336723328,"_runtime":17758,"test/f1":0.9238222519211494,"train/loss_total":0.02560453641375429,"epoch":299,"routing_sigmoid_weights_train/expert_0":1.8961584657972708e-07,"_wandb":{"runtime":17758},"train/f1":0.9976494170037558,"test/acc":0.9298245614035088,"routing_sigmoid_weights_test/expert_0":1.8794440848068916e-07}