{"routing_sigmoid_weights_test/expert_1":5.4850698205655135e-08,"_runtime":761,"routing_sigmoid_weights_test/expert_3":4.339381831641731e-08,"test/acc":0.948,"epoch":1,"_wandb":{"runtime":761},"train/acc":0.95034,"test/loss":0.14996770359575748,"routing_sigmoid_weights_test/expert_0":0.00010038359323516488,"routing_sigmoid_weights_train/expert_2":0.9999785423278809,"train/loss_total":0.14608812284636863,"routing_sigmoid_weights_train/expert_3":1.986250708796433e-06,"routing_sigmoid_weights_train/expert_1":1.8787914086715318e-05,"routing_sigmoid_weights_test/expert_2":0.9999988079071045,"_step":19,"routing_sigmoid_weights_train/expert_0":0.0004171242762822658,"_timestamp":1.774517718457002e+09}