{"_step":311,"routing_sigmoid_weights_train/expert_1":0.9851389527320862,"_timestamp":1.7745292792921758e+09,"routing_sigmoid_weights_test/expert_1":0.9851874113082886,"_runtime":3096,"train/f1":0.9141941161679659,"test/f1":0.922972972972973,"routing_sigmoid_weights_train/expert_0":4.419128526933491e-05,"test/loss":0.18992457985877992,"train/acc":0.9208791208791208,"test/acc":0.9298245614035088,"routing_sigmoid_weights_test/expert_0":4.270141653250903e-05,"train/loss_total":0.19978407456686623,"_wandb":{"runtime":3096},"epoch":51}