{"routing_sigmoid_weights_train/expert_0":0.7310584187507629,"test/acc":0.6228070175438597,"train/loss_total":0.6622951658148515,"train/f1":0.4031109445277361,"routing_sigmoid_weights_test/expert_1":0.5,"_timestamp":1.7745220235622969e+09,"test/loss":0.6689770102500916,"test/f1":0.3837837837837838,"routing_sigmoid_weights_train/expert_1":0.5,"_runtime":235,"routing_sigmoid_weights_test/expert_0":0.7310584783554077,"_step":41,"epoch":6,"_wandb":{"runtime":235},"train/acc":0.6307692307692307}