{"_wandb":{"runtime":17761},"train/acc":0.9978021978021978,"epoch":299,"_timestamp":1.7746136454889963e+09,"routing_sigmoid_weights_test/expert_1":0.9933044910430908,"routing_sigmoid_weights_train/expert_0":1.8961584657972708e-07,"_step":1799,"train/loss_total":0.02560453641375429,"test/acc":0.9298245614035088,"test/loss":0.21016328199766576,"routing_sigmoid_weights_train/expert_1":0.9932920336723328,"routing_sigmoid_weights_test/expert_0":1.8794440848068916e-07,"test/f1":0.9238222519211494,"train/f1":0.9976494170037558,"_runtime":17761}