{"train/f1":0.910703393111935,"routing_sigmoid_weights_test/expert_0":0.00012342061381787062,"routing_sigmoid_weights_test/expert_1":0.9840930700302124,"routing_sigmoid_weights_train/expert_0":0.00013059117191005498,"test/f1":0.922972972972973,"_timestamp":1.77452431395656e+09,"epoch":37,"test/acc":0.9298245614035088,"train/loss_total":0.2460557089040154,"routing_sigmoid_weights_train/expert_1":0.9840054512023926,"train/acc":0.9186813186813186,"_step":227,"test/loss":0.22972001731395722,"_runtime":2254,"_wandb":{"runtime":2254}}