{"_runtime":12845,"train/f1":0.9109937402190923,"test/loss":0.32879629731178284,"_wandb":{"runtime":12845},"test/acc":0.8771929824561403,"_timestamp":1.774657739538811e+09,"train/acc":0.9164835164835164,"routing_sigmoid_weights_test/expert_1":2.5091642328334274e-06,"train/loss_total":0.17755400016903877,"test/f1":0.8635897435897435,"routing_sigmoid_weights_test/expert_0":0.42910081148147583,"routing_sigmoid_weights_train/expert_1":2.5976012238970725e-06,"_step":1799,"routing_sigmoid_weights_train/expert_0":0.4407730996608734,"epoch":299}