{"_timestamp":1.7745339452483747e+09,"routing_sigmoid_weights_train/expert_1":0.528902530670166,"test/f1":0.3870967741935484,"_step":239,"routing_sigmoid_weights_test/expert_1":0.5355510115623474,"test/acc":0.631578947368421,"epoch":39,"_runtime":1916,"routing_sigmoid_weights_train/expert_0":0.704826831817627,"train/f1":0.38513513513513514,"train/acc":0.6263736263736264,"_wandb":{"runtime":1916},"test/loss":0.661186695098877,"train/loss_total":0.6636992661576522,"routing_sigmoid_weights_test/expert_0":0.699141263961792}