{"routing_sigmoid_weights_train/expert_0":0.48599621653556824,"routing_sigmoid_weights_test/expert_0":0.48126810789108276,"test/f1":0.3870967741935484,"_runtime":1853,"train/loss_total":0.6427944898605347,"routing_sigmoid_weights_train/expert_1":0.6158879995346069,"test/acc":0.631578947368421,"train/f1":0.38513513513513514,"_wandb":{"runtime":1853},"_timestamp":1.7745261574925547e+09,"train/acc":0.6263736263736264,"_step":185,"epoch":30,"test/loss":0.6377595663070679,"routing_sigmoid_weights_test/expert_1":0.6304044127464294}