{"routing_sigmoid_weights_test/expert_1":0.9974524974822998,"_runtime":17349,"test/loss":0.20595551352016628,"routing_sigmoid_weights_train/expert_0":2.7531450541573577e-07,"_timestamp":1.7749784068404121e+09,"epoch":299,"train/acc":0.9956043956043956,"test/acc":0.9385964912280702,"test/f1":0.9329805996472662,"train/loss_total":0.03125452424252504,"train/f1":0.9952931683700914,"routing_sigmoid_weights_train/expert_1":0.9963406920433044,"_wandb":{"runtime":17349},"routing_sigmoid_weights_test/expert_0":6.694492959979925e-09,"_step":1799}