{"train/loss_total":0.027885020600239698,"test/f1":0.9238222519211494,"_runtime":17983,"_step":1799,"test/acc":0.9298245614035088,"routing_sigmoid_weights_train/expert_0":4.1225306501857517e-10,"train/acc":0.9934065934065934,"train/f1":0.992931160377212,"_timestamp":1.774939929051116e+09,"test/loss":0.20493638878688217,"routing_sigmoid_weights_train/expert_1":0.999494731426239,"epoch":299,"_wandb":{"runtime":17983},"routing_sigmoid_weights_test/expert_0":4.0148301350129145e-10,"routing_sigmoid_weights_test/expert_1":0.9994983077049255}