{"test/f1":0.3870967741935484,"test/acc":0.631578947368421,"train/acc":0.6263736263736264,"_wandb":{"runtime":256},"epoch":4,"train/f1":0.38513513513513514,"test/loss":0.662841260433197,"_timestamp":1.7745320168638272e+09,"_runtime":256,"routing_sigmoid_weights_train/expert_0":0.7360256314277649,"train/loss_total":0.6651421691242018,"routing_sigmoid_weights_test/expert_0":0.7381795048713684,"_step":29,"routing_sigmoid_weights_test/expert_1":0.26961126923561096,"routing_sigmoid_weights_train/expert_1":0.27205464243888855}