{"routing_sigmoid_weights_test/expert_0":9.82442571739739e-09,"_runtime":14087,"_wandb":{"runtime":14087},"routing_sigmoid_weights_train/expert_0":9.51968015527882e-09,"test/acc":0.8070175438596491,"routing_sigmoid_weights_train/expert_1":0.9998912215232849,"_timestamp":1.7749088233648202e+09,"_step":1799,"train/f1":0.7840856481481482,"epoch":299,"train/loss_total":2.7373167076393177,"train/acc":0.8197802197802198,"routing_sigmoid_weights_test/expert_1":0.9998900890350342,"test/loss":2.7359134055674077,"test/f1":0.7654320987654321}