{"routing_sigmoid_weights_train/expert_0":3.4391262033750536e-06,"routing_sigmoid_weights_test/expert_2":0.9999952912330627,"routing_sigmoid_weights_test/expert_0":1.6760699509177357e-05,"routing_sigmoid_weights_test/expert_1":8.717220278953164e-10,"test/acc":0.8129,"_timestamp":1.7745167522428563e+09,"_wandb":{"runtime":2515},"epoch":6,"train/loss_total":0.4476370026110386,"_runtime":2515,"routing_sigmoid_weights_train/expert_3":5.140194492270211e-09,"train/acc":0.8701,"routing_sigmoid_weights_train/expert_2":0.9999839663505554,"routing_sigmoid_weights_test/expert_3":1.986393341479875e-11,"test/loss":0.6188754096627236,"routing_sigmoid_weights_train/expert_1":1.7077275060728425e-07,"_step":69}