{"routing_sigmoid_weights_test/expert_1":0.940208911895752,"test/acc":0.631578947368421,"train/loss_total":0.5826128721237183,"_runtime":2680,"test/f1":0.3870967741935484,"_wandb":{"runtime":2680},"epoch":44,"_timestamp":1.7748590359230583e+09,"routing_sigmoid_weights_train/expert_0":0.18949484825134277,"routing_sigmoid_weights_test/expert_0":0.17098605632781982,"train/f1":0.38513513513513514,"test/loss":0.5730705261230469,"_step":269,"routing_sigmoid_weights_train/expert_1":0.9312940239906311,"train/acc":0.6263736263736264}