{"test/f1":0.9238222519211494,"_runtime":17736,"epoch":299,"routing_sigmoid_weights_train/expert_1":0.9945352077484131,"train/acc":0.9956043956043956,"train/f1":0.9952931683700914,"routing_sigmoid_weights_test/expert_0":1.856283802226244e-07,"_step":1799,"train/loss_total":0.027139662305432324,"_timestamp":1.774675488590242e+09,"_wandb":{"runtime":17736},"test/acc":0.9298245614035088,"test/loss":0.20611510588787496,"routing_sigmoid_weights_train/expert_0":1.873314943168225e-07,"routing_sigmoid_weights_test/expert_1":0.9945456981658936}