{"test/acc":0.9210526315789473,"_runtime":17382,"routing_sigmoid_weights_train/expert_1":0.9433520436286926,"test/f1":0.9155902920608803,"test/loss":0.20694288080558182,"train/loss_total":0.03465548853733038,"_wandb":{"runtime":17382},"train/f1":1,"routing_sigmoid_weights_test/expert_1":0.9981998205184937,"_step":1799,"routing_sigmoid_weights_test/expert_0":1.3032005199420382e-06,"epoch":299,"train/acc":1,"routing_sigmoid_weights_train/expert_0":0.05494629219174385,"_timestamp":1.7745691485241559e+09}