{"test/loss":0.25518673127517105,"routing_sigmoid_weights_train/expert_0":3.504693779632362e-07,"epoch":299,"routing_sigmoid_weights_train/expert_1":0.9873142838478088,"test/acc":0.8947368421052632,"_runtime":13841,"train/acc":0.9648351648351648,"train/loss_total":0.09010264895072109,"routing_sigmoid_weights_test/expert_0":3.4550805594335543e-07,"_step":1799,"test/f1":0.885733377881724,"routing_sigmoid_weights_test/expert_1":0.9874020218849182,"train/f1":0.962253193960511,"_wandb":{"runtime":13841},"_timestamp":1.774992264746168e+09}