{"test/f1":0.922972972972973,"test/acc":0.9298245614035088,"routing_sigmoid_weights_train/expert_0":8.120746031181625e-08,"routing_sigmoid_weights_test/expert_0":9.36377517746223e-08,"test/loss":0.24123235642910004,"routing_sigmoid_weights_test/expert_1":0.9999857544898987,"train/f1":0.8848214331840325,"routing_sigmoid_weights_train/expert_1":0.9999869465827942,"_runtime":3224,"_step":326,"_timestamp":1.7749431621577184e+09,"epoch":54,"train/acc":0.8923076923076924,"train/loss_total":0.9282066390702599,"_wandb":{"runtime":3224}}