{"train/f1":0.7255994596420128,"test/loss":4.824972361326218,"epoch":299,"_timestamp":1.7745958721144817e+09,"_runtime":12842,"routing_sigmoid_weights_test/expert_0":3.835755819636688e-07,"_step":1799,"routing_sigmoid_weights_train/expert_0":3.9853841826698044e-07,"train/loss_total":3.515276565167465,"train/acc":0.7802197802197802,"routing_sigmoid_weights_test/expert_1":0.9996321797370911,"_wandb":{"runtime":12842},"test/acc":0.7368421052631579,"test/f1":0.6531440162271805,"routing_sigmoid_weights_train/expert_1":0.9996209740638733}