{"train/loss_total":0.17233547705568766,"_timestamp":1.7749219346688576e+09,"train/f1":0.9222427641493312,"_runtime":13100,"routing_sigmoid_weights_train/expert_0":0.5494508147239685,"_wandb":{"runtime":13100},"_step":1799,"test/f1":0.8755353993449231,"routing_sigmoid_weights_test/expert_1":0.43744251132011414,"test/acc":0.8859649122807017,"train/acc":0.9274725274725275,"routing_sigmoid_weights_test/expert_0":0.561403751373291,"test/loss":0.25928189754486086,"epoch":299,"routing_sigmoid_weights_train/expert_1":0.449360728263855}